ngram,count_all,count_high,share_all,share_high,lift_high_vs_all
100만원 1000일,5,5,2.0758085274214305e-05,0.00020033656542992227,9.651013703021077
주사파 사노맹,5,5,2.0758085274214305e-05,0.00020033656542992227,9.651013703021077
원재료 50,4,4,1.6606468219371444e-05,0.0001602692523439378,9.651013703021077
코로나 영국임상,4,4,1.6606468219371444e-05,0.0001602692523439378,9.651013703021077
영국임상 결과,4,4,1.6606468219371444e-05,0.0001602692523439378,9.651013703021077
결과 논문,4,4,1.6606468219371444e-05,0.0001602692523439378,9.651013703021077
논문 실리네,4,4,1.6606468219371444e-05,0.0001602692523439378,9.651013703021077
홈피 공지,3,3,1.2454851164528584e-05,0.00012020193925795337,9.651013703021077
의사파업 지지,3,3,1.2454851164528584e-05,0.00012020193925795337,9.651013703021077
지지 청원,3,3,1.2454851164528584e-05,0.00012020193925795337,9.651013703021077
어떻게 보십니까,3,3,1.2454851164528584e-05,0.00012020193925795337,9.651013703021077
고대 안산병원,3,3,1.2454851164528584e-05,0.00012020193925795337,9.651013703021077
ira 최고수혜,3,3,1.2454851164528584e-05,0.00012020193925795337,9.651013703021077
염승환 이사님이,3,3,1.2454851164528584e-05,0.00012020193925795337,9.651013703021077
이사님이 엔터주는,3,3,1.2454851164528584e-05,0.00012020193925795337,9.651013703021077
이낙연 아들,3,3,1.2454851164528584e-05,0.00012020193925795337,9.651013703021077
100만원 000일,3,3,1.2454851164528584e-05,0.00012020193925795337,9.651013703021077
50 수입,3,3,1.2454851164528584e-05,0.00012020193925795337,9.651013703021077
속보 g20서,3,3,1.2454851164528584e-05,0.00012020193925795337,9.651013703021077
g20서 한국,3,3,1.2454851164528584e-05,0.00012020193925795337,9.651013703021077
한국 2050년까지,3,3,1.2454851164528584e-05,0.00012020193925795337,9.651013703021077
2050년까지 석탄발전,3,3,1.2454851164528584e-05,0.00012020193925795337,9.651013703021077
석탄발전 전면,3,3,1.2454851164528584e-05,0.00012020193925795337,9.651013703021077
전면 폐기,3,3,1.2454851164528584e-05,0.00012020193925795337,9.651013703021077
한국거래소 신종코로나,3,3,1.2454851164528584e-05,0.00012020193925795337,9.651013703021077
신종코로나 관련,3,3,1.2454851164528584e-05,0.00012020193925795337,9.651013703021077
관련 집중,3,3,1.2454851164528584e-05,0.00012020193925795337,9.651013703021077
집중 모니터링,3,3,1.2454851164528584e-05,0.00012020193925795337,9.651013703021077
이거 사실일까,3,3,1.2454851164528584e-05,0.00012020193925795337,9.651013703021077
다음주 주가,3,3,1.2454851164528584e-05,0.00012020193925795337,9.651013703021077
한마디 해준다,3,3,1.2454851164528584e-05,0.00012020193925795337,9.651013703021077
주식 매수한,11,11,4.5667787603271476e-05,0.000440740443945829,9.651013703021075
매수한 사람들은,11,11,4.5667787603271476e-05,0.000440740443945829,9.651013703021075
사람들은 좃됐네요,11,11,4.5667787603271476e-05,0.000440740443945829,9.651013703021075
26년 주가전망,9,8,3.736455349358575e-05,0.0003205385046878756,8.578678847129844
올해 주식,13,11,5.39710217129572e-05,0.000440740443945829,8.166242364094757
램시마 코로나,6,5,2.4909702329057167e-05,0.00020033656542992227,8.04251141918423
msci 편입,6,5,2.4909702329057167e-05,0.00020033656542992227,8.04251141918423
다음주 예상,5,4,2.0758085274214305e-05,0.0001602692523439378,7.72081096241686
하나만 물어보자,5,4,2.0758085274214305e-05,0.0001602692523439378,7.72081096241686
문대통령은 연임되어야한다,5,4,2.0758085274214305e-05,0.0001602692523439378,7.72081096241686
안철수는 죽어도,4,3,1.6606468219371444e-05,0.00012020193925795337,7.238260277265807
죽어도 찍는다,4,3,1.6606468219371444e-05,0.00012020193925795337,7.238260277265807
관련주 맞나요,4,3,1.6606468219371444e-05,0.00012020193925795337,7.238260277265807
들어가도 될까요,4,3,1.6606468219371444e-05,0.00012020193925795337,7.238260277265807
내일 상한가네,4,3,1.6606468219371444e-05,0.00012020193925795337,7.238260277265807
개발 기대,4,3,1.6606468219371444e-05,0.00012020193925795337,7.238260277265807
핵실험 임박했나,4,3,1.6606468219371444e-05,0.00012020193925795337,7.238260277265807
임박했나 도발중단,4,3,1.6606468219371444e-05,0.00012020193925795337,7.238260277265807
도발중단 비핵화,4,3,1.6606468219371444e-05,0.00012020193925795337,7.238260277265807
비핵화 조치,4,3,1.6606468219371444e-05,0.00012020193925795337,7.238260277265807
조치 촉구,4,3,1.6606468219371444e-05,0.00012020193925795337,7.238260277265807
촉구 다자무대,4,3,1.6606468219371444e-05,0.00012020193925795337,7.238260277265807
다자무대 공동발표,4,3,1.6606468219371444e-05,0.00012020193925795337,7.238260277265807
떨어지는 칼날은,4,3,1.6606468219371444e-05,0.00012020193925795337,7.238260277265807
공식 트위터입니다,4,3,1.6606468219371444e-05,0.00012020193925795337,7.238260277265807
매우중요필독 화요일,4,3,1.6606468219371444e-05,0.00012020193925795337,7.238260277265807
화요일 주가예상,4,3,1.6606468219371444e-05,0.00012020193925795337,7.238260277265807
백신 개발,11,8,4.5667787603271476e-05,0.0003205385046878756,7.0189190567426
우보천리 대박뉴스,14,10,5.812263876780006e-05,0.00040067313085984454,6.893581216443626
잠이 안오네요,6,4,2.4909702329057167e-05,0.0001602692523439378,6.434009135347384
상한가 7종목,6,4,2.4909702329057167e-05,0.0001602692523439378,6.434009135347384
안녕하세요 휴마시스,3,2,1.2454851164528584e-05,8.01346261719689e-05,6.434009135347384
휴마시스 주주입니다,3,2,1.2454851164528584e-05,8.01346261719689e-05,6.434009135347384
운기분석 천지오륜장,3,2,1.2454851164528584e-05,8.01346261719689e-05,6.434009135347384
글을 보고,3,2,1.2454851164528584e-05,8.01346261719689e-05,6.434009135347384
000원 이상,3,2,1.2454851164528584e-05,8.01346261719689e-05,6.434009135347384
미증시 폭락중,3,2,1.2454851164528584e-05,8.01346261719689e-05,6.434009135347384
고점 시총,3,2,1.2454851164528584e-05,8.01346261719689e-05,6.434009135347384
시총 11조,3,2,1.2454851164528584e-05,8.01346261719689e-05,6.434009135347384
11조 휴머니젠,3,2,1.2454851164528584e-05,8.01346261719689e-05,6.434009135347384
휴머니젠 8천억,3,2,1.2454851164528584e-05,8.01346261719689e-05,6.434009135347384
이해가 안되서,3,2,1.2454851164528584e-05,8.01346261719689e-05,6.434009135347384
대한 의견,3,2,1.2454851164528584e-05,8.01346261719689e-05,6.434009135347384
방금 9시뉴스,3,2,1.2454851164528584e-05,8.01346261719689e-05,6.434009135347384
다음주 상한가,3,2,1.2454851164528584e-05,8.01346261719689e-05,6.434009135347384
상한가 축하,3,2,1.2454851164528584e-05,8.01346261719689e-05,6.434009135347384
씨젠에서 왔습니다,3,2,1.2454851164528584e-05,8.01346261719689e-05,6.434009135347384
우한폐렴보다 문재가,3,2,1.2454851164528584e-05,8.01346261719689e-05,6.434009135347384
문재가 다가온다,3,2,1.2454851164528584e-05,8.01346261719689e-05,6.434009135347384
4일 연속,3,2,1.2454851164528584e-05,8.01346261719689e-05,6.434009135347384
주식하면서 가장,3,2,1.2454851164528584e-05,8.01346261719689e-05,6.434009135347384
가장 중요한,3,2,1.2454851164528584e-05,8.01346261719689e-05,6.434009135347384
효과 확인,3,2,1.2454851164528584e-05,8.01346261719689e-05,6.434009135347384
이거 얼마에,3,2,1.2454851164528584e-05,8.01346261719689e-05,6.434009135347384
삼성전자 파운드리,3,2,1.2454851164528584e-05,8.01346261719689e-05,6.434009135347384
한국인 입국,3,2,1.2454851164528584e-05,8.01346261719689e-05,6.434009135347384
즐거운 주말,3,2,1.2454851164528584e-05,8.01346261719689e-05,6.434009135347384
미국 탈레반,3,2,1.2454851164528584e-05,8.01346261719689e-05,6.434009135347384
이해가 안감,3,2,1.2454851164528584e-05,8.01346261719689e-05,6.434009135347384
매출 예상,3,2,1.2454851164528584e-05,8.01346261719689e-05,6.434009135347384
연구소 몇주,3,2,1.2454851164528584e-05,8.01346261719689e-05,6.434009135347384
몇주 안에,3,2,1.2454851164528584e-05,8.01346261719689e-05,6.434009135347384
안에 코로나19,3,2,1.2454851164528584e-05,8.01346261719689e-05,6.434009135347384
남아공 임상승인,3,2,1.2454851164528584e-05,8.01346261719689e-05,6.434009135347384
싶은 사람,3,2,1.2454851164528584e-05,8.01346261719689e-05,6.434009135347384
26년 주가,3,2,1.2454851164528584e-05,8.01346261719689e-05,6.434009135347384
또한 지나가리,3,2,1.2454851164528584e-05,8.01346261719689e-05,6.434009135347384
오늘 같은,3,2,1.2454851164528584e-05,8.01346261719689e-05,6.434009135347384
주린이를 위한,3,2,1.2454851164528584e-05,8.01346261719689e-05,6.434009135347384
ira 세부,3,2,1.2454851164528584e-05,8.01346261719689e-05,6.434009135347384
예방율 86,3,2,1.2454851164528584e-05,8.01346261719689e-05,6.434009135347384
아직도 들고,3,2,1.2454851164528584e-05,8.01346261719689e-05,6.434009135347384
패시브 자금,3,2,1.2454851164528584e-05,8.01346261719689e-05,6.434009135347384
대국민 사기극,3,2,1.2454851164528584e-05,8.01346261719689e-05,6.434009135347384
공시 떴다,3,2,1.2454851164528584e-05,8.01346261719689e-05,6.434009135347384
인도 수출,3,2,1.2454851164528584e-05,8.01346261719689e-05,6.434009135347384
내일 저녁,3,2,1.2454851164528584e-05,8.01346261719689e-05,6.434009135347384
vs 한동훈,3,2,1.2454851164528584e-05,8.01346261719689e-05,6.434009135347384
거래량 터지면,3,2,1.2454851164528584e-05,8.01346261719689e-05,6.434009135347384
속보 이스라엘,3,2,1.2454851164528584e-05,8.01346261719689e-05,6.434009135347384
이스라엘 레바논서,3,2,1.2454851164528584e-05,8.01346261719689e-05,6.434009135347384
레바논서 제한적,3,2,1.2454851164528584e-05,8.01346261719689e-05,6.434009135347384
제한적 지상전,3,2,1.2454851164528584e-05,8.01346261719689e-05,6.434009135347384
지상전 계획,3,2,1.2454851164528584e-05,8.01346261719689e-05,6.434009135347384
계획 시작,3,2,1.2454851164528584e-05,8.01346261719689e-05,6.434009135347384
보거라 형이다,3,2,1.2454851164528584e-05,8.01346261719689e-05,6.434009135347384
06 30,3,2,1.2454851164528584e-05,8.01346261719689e-05,6.434009135347384
인도 바이어,3,2,1.2454851164528584e-05,8.01346261719689e-05,6.434009135347384
1조원 투입,3,2,1.2454851164528584e-05,8.01346261719689e-05,6.434009135347384
중국아픔이 우리아픔,3,2,1.2454851164528584e-05,8.01346261719689e-05,6.434009135347384
우리아픔 쩝쩝,3,2,1.2454851164528584e-05,8.01346261719689e-05,6.434009135347384
난리가 났네,3,2,1.2454851164528584e-05,8.01346261719689e-05,6.434009135347384
플랫폼 act,3,2,1.2454851164528584e-05,8.01346261719689e-05,6.434009135347384
개발 완료,3,2,1.2454851164528584e-05,8.01346261719689e-05,6.434009135347384
반대매매 터진다,3,2,1.2454851164528584e-05,8.01346261719689e-05,6.434009135347384
계속 매수,3,2,1.2454851164528584e-05,8.01346261719689e-05,6.434009135347384
무상주 배정,3,2,1.2454851164528584e-05,8.01346261719689e-05,6.434009135347384
든든하다 혔냐,3,2,1.2454851164528584e-05,8.01346261719689e-05,6.434009135347384
잡것들 딴데가서,3,2,1.2454851164528584e-05,8.01346261719689e-05,6.434009135347384
딴데가서 놀아라,3,2,1.2454851164528584e-05,8.01346261719689e-05,6.434009135347384
올해 상반기,3,2,1.2454851164528584e-05,8.01346261719689e-05,6.434009135347384
로봇 폭락할듯,3,2,1.2454851164528584e-05,8.01346261719689e-05,6.434009135347384
공시 내용,3,2,1.2454851164528584e-05,8.01346261719689e-05,6.434009135347384
나만 이해가,3,2,1.2454851164528584e-05,8.01346261719689e-05,6.434009135347384
담주 월장,3,2,1.2454851164528584e-05,8.01346261719689e-05,6.434009135347384
월장 쩜상달리것네,3,2,1.2454851164528584e-05,8.01346261719689e-05,6.434009135347384
연내 체결,3,2,1.2454851164528584e-05,8.01346261719689e-05,6.434009135347384
플랫폼 act로,3,2,1.2454851164528584e-05,8.01346261719689e-05,6.434009135347384
주식양도세 글이,3,2,1.2454851164528584e-05,8.01346261719689e-05,6.434009135347384
글이 길지만,3,2,1.2454851164528584e-05,8.01346261719689e-05,6.434009135347384
길지만 부탁드립니다,3,2,1.2454851164528584e-05,8.01346261719689e-05,6.434009135347384
시초가 20,3,2,1.2454851164528584e-05,8.01346261719689e-05,6.434009135347384
분들을 위해,3,2,1.2454851164528584e-05,8.01346261719689e-05,6.434009135347384
하락 네이버,3,2,1.2454851164528584e-05,8.01346261719689e-05,6.434009135347384
주주 모임방,3,2,1.2454851164528584e-05,8.01346261719689e-05,6.434009135347384
주가 상승,3,2,1.2454851164528584e-05,8.01346261719689e-05,6.434009135347384
미국 fda,5,3,2.0758085274214305e-05,0.00012020193925795337,5.790608221812645
국제 특허,5,3,2.0758085274214305e-05,0.00012020193925795337,5.790608221812645
이재용 회장,5,3,2.0758085274214305e-05,0.00012020193925795337,5.790608221812645
회장 꿈의,5,3,2.0758085274214305e-05,0.00012020193925795337,5.790608221812645
꿈의 배터리,5,3,2.0758085274214305e-05,0.00012020193925795337,5.790608221812645
배터리 챙겼다,5,3,2.0758085274214305e-05,0.00012020193925795337,5.790608221812645
챙겼다 삼성sdi,5,3,2.0758085274214305e-05,0.00012020193925795337,5.790608221812645
삼성sdi 깜짝,5,3,2.0758085274214305e-05,0.00012020193925795337,5.790608221812645
깜짝 방문,5,3,2.0758085274214305e-05,0.00012020193925795337,5.790608221812645
보호예수 물량,5,3,2.0758085274214305e-05,0.00012020193925795337,5.790608221812645
주주행동 플랫폼,5,3,2.0758085274214305e-05,0.00012020193925795337,5.790608221812645
주가 하락은,5,3,2.0758085274214305e-05,0.00012020193925795337,5.790608221812645
담주 월요일,5,3,2.0758085274214305e-05,0.00012020193925795337,5.790608221812645
주주 입니다,7,4,2.906131938390003e-05,0.0001602692523439378,5.5148649731549
현대차와 자동차,7,4,2.906131938390003e-05,0.0001602692523439378,5.5148649731549
자동차 생산,7,4,2.906131938390003e-05,0.0001602692523439378,5.5148649731549
확대 mou,7,4,2.906131938390003e-05,0.0001602692523439378,5.5148649731549
이스라엘 연구소,9,5,3.736455349358575e-05,0.00020033656542992227,5.361674279456153
신풍제약 우보천리,17,9,7.057748993232865e-05,0.0003606058177738601,5.10936019571704
lk 99,10,5,4.151617054842861e-05,0.00020033656542992227,4.825506851510538
월요일 하한가,10,5,4.151617054842861e-05,0.00020033656542992227,4.825506851510538
일론 머스크,8,4,3.321293643874289e-05,0.0001602692523439378,4.825506851510538
사우디 현대차와,8,4,3.321293643874289e-05,0.0001602692523439378,4.825506851510538
생산 확대,8,4,3.321293643874289e-05,0.0001602692523439378,4.825506851510538
양도소득세 벌써,8,4,3.321293643874289e-05,0.0001602692523439378,4.825506851510538
벌써 18만,8,4,3.321293643874289e-05,0.0001602692523439378,4.825506851510538
18만 돌파했습니다,8,4,3.321293643874289e-05,0.0001602692523439378,4.825506851510538
돌파했습니다 청원,8,4,3.321293643874289e-05,0.0001602692523439378,4.825506851510538
우리모두 살아서,6,3,2.4909702329057167e-05,0.00012020193925795337,4.825506851510538
살아서 일상으로,6,3,2.4909702329057167e-05,0.00012020193925795337,4.825506851510538
일상으로 돌아,6,3,2.4909702329057167e-05,0.00012020193925795337,4.825506851510538
돌아 갑시다,6,3,2.4909702329057167e-05,0.00012020193925795337,4.825506851510538
김일성 김정일,6,3,2.4909702329057167e-05,0.00012020193925795337,4.825506851510538
관련 뉴스,6,3,2.4909702329057167e-05,0.00012020193925795337,4.825506851510538
월요일 폭락,6,3,2.4909702329057167e-05,0.00012020193925795337,4.825506851510538
7차 핵실험,6,3,2.4909702329057167e-05,0.00012020193925795337,4.825506851510538
모두 부자되세요,6,3,2.4909702329057167e-05,0.00012020193925795337,4.825506851510538
아니 진짜,6,3,2.4909702329057167e-05,0.00012020193925795337,4.825506851510538
어차피 식물총장이니,6,3,2.4909702329057167e-05,0.00012020193925795337,4.825506851510538
식물총장이니 자리나,6,3,2.4909702329057167e-05,0.00012020193925795337,4.825506851510538
자리나 지켜라,6,3,2.4909702329057167e-05,0.00012020193925795337,4.825506851510538
지켜라 야비하고,6,3,2.4909702329057167e-05,0.00012020193925795337,4.825506851510538
야비하고 지저분한,6,3,2.4909702329057167e-05,0.00012020193925795337,4.825506851510538
지저분한 비아냥,6,3,2.4909702329057167e-05,0.00012020193925795337,4.825506851510538
비아냥 아니겠나,6,3,2.4909702329057167e-05,0.00012020193925795337,4.825506851510538
아니겠나 레기,6,3,2.4909702329057167e-05,0.00012020193925795337,4.825506851510538
레기 녀석,6,3,2.4909702329057167e-05,0.00012020193925795337,4.825506851510538
녀석 범죄,6,3,2.4909702329057167e-05,0.00012020193925795337,4.825506851510538
범죄 합하면,6,3,2.4909702329057167e-05,0.00012020193925795337,4.825506851510538
합하면 징역,6,3,2.4909702329057167e-05,0.00012020193925795337,4.825506851510538
징역 몇년,6,3,2.4909702329057167e-05,0.00012020193925795337,4.825506851510538
몇년 쯤이,6,3,2.4909702329057167e-05,0.00012020193925795337,4.825506851510538
쯤이 적정할까,6,3,2.4909702329057167e-05,0.00012020193925795337,4.825506851510538
신풍 고점,4,2,1.6606468219371444e-05,8.01346261719689e-05,4.825506851510538
주식 특징,4,2,1.6606468219371444e-05,8.01346261719689e-05,4.825506851510538
월요일 점상,4,2,1.6606468219371444e-05,8.01346261719689e-05,4.825506851510538
야들아 내가,4,2,1.6606468219371444e-05,8.01346261719689e-05,4.825506851510538
컨셉카 까지,4,2,1.6606468219371444e-05,8.01346261719689e-05,4.825506851510538
이유 우리가,4,2,1.6606468219371444e-05,8.01346261719689e-05,4.825506851510538
이번에 번만,4,2,1.6606468219371444e-05,8.01346261719689e-05,4.825506851510538
우리 손가락,4,2,1.6606468219371444e-05,8.01346261719689e-05,4.825506851510538
손가락 혁명단,4,2,1.6606468219371444e-05,8.01346261719689e-05,4.825506851510538
어떻게 될까요,4,2,1.6606468219371444e-05,8.01346261719689e-05,4.825506851510538
월요일 상승,4,2,1.6606468219371444e-05,8.01346261719689e-05,4.825506851510538
무서운 이유,4,2,1.6606468219371444e-05,8.01346261719689e-05,4.825506851510538
우크라 점령지,4,2,1.6606468219371444e-05,8.01346261719689e-05,4.825506851510538
점령지 병합,4,2,1.6606468219371444e-05,8.01346261719689e-05,4.825506851510538
병합 선언,4,2,1.6606468219371444e-05,8.01346261719689e-05,4.825506851510538
선언 러에,4,2,1.6606468219371444e-05,8.01346261719689e-05,4.825506851510538
러에 4개,4,2,1.6606468219371444e-05,8.01346261719689e-05,4.825506851510538
4개 지역,4,2,1.6606468219371444e-05,8.01346261719689e-05,4.825506851510538
지역 새로,4,2,1.6606468219371444e-05,8.01346261719689e-05,4.825506851510538
새로 생겼다,4,2,1.6606468219371444e-05,8.01346261719689e-05,4.825506851510538
내가 볼때,4,2,1.6606468219371444e-05,8.01346261719689e-05,4.825506851510538
되는 이유,4,2,1.6606468219371444e-05,8.01346261719689e-05,4.825506851510538
치료제 좋은,4,2,1.6606468219371444e-05,8.01346261719689e-05,4.825506851510538
뉴스 하나,4,2,1.6606468219371444e-05,8.01346261719689e-05,4.825506851510538
상한가 예정,4,2,1.6606468219371444e-05,8.01346261719689e-05,4.825506851510538
시간외 하한가,4,2,1.6606468219371444e-05,8.01346261719689e-05,4.825506851510538
내년 3월,4,2,1.6606468219371444e-05,8.01346261719689e-05,4.825506851510538
미국 영국,4,2,1.6606468219371444e-05,8.01346261719689e-05,4.825506851510538
미치는 영향,4,2,1.6606468219371444e-05,8.01346261719689e-05,4.825506851510538
이거 언제,4,2,1.6606468219371444e-05,8.01346261719689e-05,4.825506851510538
좋은 이유,4,2,1.6606468219371444e-05,8.01346261719689e-05,4.825506851510538
18000원에 매도한,4,2,1.6606468219371444e-05,8.01346261719689e-05,4.825506851510538
필독 5월,4,2,1.6606468219371444e-05,8.01346261719689e-05,4.825506851510538
2일 개장전,4,2,1.6606468219371444e-05,8.01346261719689e-05,4.825506851510538
개장전 팁하나,4,2,1.6606468219371444e-05,8.01346261719689e-05,4.825506851510538
팁하나 알려드립니다,4,2,1.6606468219371444e-05,8.01346261719689e-05,4.825506851510538
보거라 속보다,4,2,1.6606468219371444e-05,8.01346261719689e-05,4.825506851510538
되는거 아님,4,2,1.6606468219371444e-05,8.01346261719689e-05,4.825506851510538
제넥신 시총,4,2,1.6606468219371444e-05,8.01346261719689e-05,4.825506851510538
공매도 물량,4,2,1.6606468219371444e-05,8.01346261719689e-05,4.825506851510538
미증시 폭등,4,2,1.6606468219371444e-05,8.01346261719689e-05,4.825506851510538
청와대 국민청원,4,2,1.6606468219371444e-05,8.01346261719689e-05,4.825506851510538
이런 종목은,4,2,1.6606468219371444e-05,8.01346261719689e-05,4.825506851510538
분석 참고해보세요,4,2,1.6606468219371444e-05,8.01346261719689e-05,4.825506851510538
act 액트,4,2,1.6606468219371444e-05,8.01346261719689e-05,4.825506851510538
보호예수 해제,4,2,1.6606468219371444e-05,8.01346261719689e-05,4.825506851510538
배당 언제,4,2,1.6606468219371444e-05,8.01346261719689e-05,4.825506851510538
이거 하나만,4,2,1.6606468219371444e-05,8.01346261719689e-05,4.825506851510538
버는 방법,4,2,1.6606468219371444e-05,8.01346261719689e-05,4.825506851510538
가능한 이유,4,2,1.6606468219371444e-05,8.01346261719689e-05,4.825506851510538
이재명 무죄,4,2,1.6606468219371444e-05,8.01346261719689e-05,4.825506851510538
어떻게 될까,4,2,1.6606468219371444e-05,8.01346261719689e-05,4.825506851510538
03 31,4,2,1.6606468219371444e-05,8.01346261719689e-05,4.825506851510538
우한폐렴은 그냥,4,2,1.6606468219371444e-05,8.01346261719689e-05,4.825506851510538
국민청원 동의,4,2,1.6606468219371444e-05,8.01346261719689e-05,4.825506851510538
20 000원,4,2,1.6606468219371444e-05,8.01346261719689e-05,4.825506851510538
네이버 관련주,4,2,1.6606468219371444e-05,8.01346261719689e-05,4.825506851510538
여러분을 초대합니다,4,2,1.6606468219371444e-05,8.01346261719689e-05,4.825506851510538
내일 시초가에,11,5,4.5667787603271476e-05,0.00020033656542992227,4.386824410464125
좋은 소식,11,5,4.5667787603271476e-05,0.00020033656542992227,4.386824410464125
개미들 보거라,11,5,4.5667787603271476e-05,0.00020033656542992227,4.386824410464125
방안 발표,9,4,3.736455349358575e-05,0.0001602692523439378,4.289339423564922
남아공 임상,9,4,3.736455349358575e-05,0.0001602692523439378,4.289339423564922
공매도에 없는,9,4,3.736455349358575e-05,0.0001602692523439378,4.289339423564922
없는 것은,9,4,3.736455349358575e-05,0.0001602692523439378,4.289339423564922
것은 주식이,9,4,3.736455349358575e-05,0.0001602692523439378,4.289339423564922
주식이 아니라,9,4,3.736455349358575e-05,0.0001602692523439378,4.289339423564922
아니라 합리적인,9,4,3.736455349358575e-05,0.0001602692523439378,4.289339423564922
합리적인 제도이다,9,4,3.736455349358575e-05,0.0001602692523439378,4.289339423564922
현재 상황,7,3,2.906131938390003e-05,0.00012020193925795337,4.136148729866175
be rqto1ubmeig긴급,7,3,2.906131938390003e-05,0.00012020193925795337,4.136148729866175
rqto1ubmeig긴급 뉴스,7,3,2.906131938390003e-05,0.00012020193925795337,4.136148729866175
뉴스 대장동,7,3,2.906131938390003e-05,0.00012020193925795337,4.136148729866175
대장동 진실,7,3,2.906131938390003e-05,0.00012020193925795337,4.136148729866175
몰수 방안,7,3,2.906131938390003e-05,0.00012020193925795337,4.136148729866175
주가 예상,7,3,2.906131938390003e-05,0.00012020193925795337,4.136148729866175
1차 목표가,7,3,2.906131938390003e-05,0.00012020193925795337,4.136148729866175
4분기 실적,7,3,2.906131938390003e-05,0.00012020193925795337,4.136148729866175
거래 재개,5,2,2.0758085274214305e-05,8.01346261719689e-05,3.86040548120843
내일 이재명,5,2,2.0758085274214305e-05,8.01346261719689e-05,3.86040548120843
정말 궁금한게,5,2,2.0758085274214305e-05,8.01346261719689e-05,3.86040548120843
집안 가재도구,5,2,2.0758085274214305e-05,8.01346261719689e-05,3.86040548120843
가재도구 형이다,5,2,2.0758085274214305e-05,8.01346261719689e-05,3.86040548120843
주가 흐름,5,2,2.0758085274214305e-05,8.01346261719689e-05,3.86040548120843
형들 이거,5,2,2.0758085274214305e-05,8.01346261719689e-05,3.86040548120843
식약처 승인,5,2,2.0758085274214305e-05,8.01346261719689e-05,3.86040548120843
민주당은 오직,5,2,2.0758085274214305e-05,8.01346261719689e-05,3.86040548120843
오직 김일성,5,2,2.0758085274214305e-05,8.01346261719689e-05,3.86040548120843
김정일 김정은만을,5,2,2.0758085274214305e-05,8.01346261719689e-05,3.86040548120843
김정은만을 사랑하는,5,2,2.0758085274214305e-05,8.01346261719689e-05,3.86040548120843
사랑하는 주사파,5,2,2.0758085274214305e-05,8.01346261719689e-05,3.86040548120843
주사파 정당입니다,5,2,2.0758085274214305e-05,8.01346261719689e-05,3.86040548120843
벌써 컨셉카,5,2,2.0758085274214305e-05,8.01346261719689e-05,3.86040548120843
우리가 이번에,5,2,2.0758085274214305e-05,8.01346261719689e-05,3.86040548120843
번만 이기면,5,2,2.0758085274214305e-05,8.01346261719689e-05,3.86040548120843
이기면 한국은,5,2,2.0758085274214305e-05,8.01346261719689e-05,3.86040548120843
한국은 우리,5,2,2.0758085274214305e-05,8.01346261719689e-05,3.86040548120843
머스크는 인텔을,5,2,2.0758085274214305e-05,8.01346261719689e-05,3.86040548120843
하한가 속보,5,2,2.0758085274214305e-05,8.01346261719689e-05,3.86040548120843
80 만주,5,2,2.0758085274214305e-05,8.01346261719689e-05,3.86040548120843
만주 교환,5,2,2.0758085274214305e-05,8.01346261719689e-05,3.86040548120843
푸틴 우크라,5,2,2.0758085274214305e-05,8.01346261719689e-05,3.86040548120843
오늘 시간외,5,2,2.0758085274214305e-05,8.01346261719689e-05,3.86040548120843
나오는 이유,5,2,2.0758085274214305e-05,8.01346261719689e-05,3.86040548120843
10 20,5,2,2.0758085274214305e-05,8.01346261719689e-05,3.86040548120843
들고 있는데,5,2,2.0758085274214305e-05,8.01346261719689e-05,3.86040548120843
부자 되세요,5,2,2.0758085274214305e-05,8.01346261719689e-05,3.86040548120843
사드추가배치 윤공약,5,2,2.0758085274214305e-05,8.01346261719689e-05,3.86040548120843
윤공약 관련주,5,2,2.0758085274214305e-05,8.01346261719689e-05,3.86040548120843
관련주 급락주의,5,2,2.0758085274214305e-05,8.01346261719689e-05,3.86040548120843
다들 평단,5,2,2.0758085274214305e-05,8.01346261719689e-05,3.86040548120843
사우디에서 청정수소에,5,2,2.0758085274214305e-05,8.01346261719689e-05,3.86040548120843
청정수소에 1조,5,2,2.0758085274214305e-05,8.01346261719689e-05,3.86040548120843
1조 리얄,5,2,2.0758085274214305e-05,8.01346261719689e-05,3.86040548120843
리얄 투자한다,5,2,2.0758085274214305e-05,8.01346261719689e-05,3.86040548120843
전환사채 발행,5,2,2.0758085274214305e-05,8.01346261719689e-05,3.86040548120843
거래 정지,5,2,2.0758085274214305e-05,8.01346261719689e-05,3.86040548120843
말도 안되는,5,2,2.0758085274214305e-05,8.01346261719689e-05,3.86040548120843
리딩회사 문자나,5,2,2.0758085274214305e-05,8.01346261719689e-05,3.86040548120843
문재앙 업적,5,2,2.0758085274214305e-05,8.01346261719689e-05,3.86040548120843
렘데시비르 제조과정과,5,2,2.0758085274214305e-05,8.01346261719689e-05,3.86040548120843
미국 나스닥,5,2,2.0758085274214305e-05,8.01346261719689e-05,3.86040548120843
내일 곡소리,5,2,2.0758085274214305e-05,8.01346261719689e-05,3.86040548120843
아니 근데,5,2,2.0758085274214305e-05,8.01346261719689e-05,3.86040548120843
어떻게 되나요,5,2,2.0758085274214305e-05,8.01346261719689e-05,3.86040548120843
혔냐 안혔냐,5,2,2.0758085274214305e-05,8.01346261719689e-05,3.86040548120843
월요일 코스피,5,2,2.0758085274214305e-05,8.01346261719689e-05,3.86040548120843
발표 예정,5,2,2.0758085274214305e-05,8.01346261719689e-05,3.86040548120843
상법 개정,5,2,2.0758085274214305e-05,8.01346261719689e-05,3.86040548120843
윤에게 개식용에,5,2,2.0758085274214305e-05,8.01346261719689e-05,3.86040548120843
내란수괴 파면,5,2,2.0758085274214305e-05,8.01346261719689e-05,3.86040548120843
파면 탄원,5,2,2.0758085274214305e-05,8.01346261719689e-05,3.86040548120843
탄원 온라인서명,5,2,2.0758085274214305e-05,8.01346261719689e-05,3.86040548120843
언제 나오나요,5,2,2.0758085274214305e-05,8.01346261719689e-05,3.86040548120843
우리 같이,5,2,2.0758085274214305e-05,8.01346261719689e-05,3.86040548120843
나도 주주지만,8,3,3.321293643874289e-05,0.00012020193925795337,3.6191301386329036
오늘 시외,8,3,3.321293643874289e-05,0.00012020193925795337,3.6191301386329036
세부지침 발표,11,4,4.5667787603271476e-05,0.0001602692523439378,3.5094595283713
청원 동참해주십시오,14,5,5.812263876780006e-05,0.00020033656542992227,3.446790608221813
9월 이후,18,6,7.47291069871715e-05,0.00024040387851590673,3.217004567673692
이후 한국증시,18,6,7.47291069871715e-05,0.00024040387851590673,3.217004567673692
한국증시 많이,18,6,7.47291069871715e-05,0.00024040387851590673,3.217004567673692
많이 좋을,18,6,7.47291069871715e-05,0.00024040387851590673,3.217004567673692
좋을 이유,18,6,7.47291069871715e-05,0.00024040387851590673,3.217004567673692
이유 5줄,18,6,7.47291069871715e-05,0.00024040387851590673,3.217004567673692
5줄 요약,18,6,7.47291069871715e-05,0.00024040387851590673,3.217004567673692
요약 txt,18,6,7.47291069871715e-05,0.00024040387851590673,3.217004567673692
fda 승인,12,4,4.9819404658114334e-05,0.0001602692523439378,3.217004567673692
나스닥 상장,9,3,3.736455349358575e-05,0.00012020193925795337,3.217004567673692
오늘 상한가,9,3,3.736455349358575e-05,0.00012020193925795337,3.217004567673692
금투세 무기한,9,3,3.736455349358575e-05,0.00012020193925795337,3.217004567673692
무기한 유예거론됨,9,3,3.736455349358575e-05,0.00012020193925795337,3.217004567673692
유예거론됨 txt,9,3,3.736455349358575e-05,0.00012020193925795337,3.217004567673692
mou 체결,9,3,3.736455349358575e-05,0.00012020193925795337,3.217004567673692
치료제 개발,9,3,3.736455349358575e-05,0.00012020193925795337,3.217004567673692
전면 폐지,9,3,3.736455349358575e-05,0.00012020193925795337,3.217004567673692
주식으로 버는,6,2,2.4909702329057167e-05,8.01346261719689e-05,3.217004567673692
최상의 시나리오,6,2,2.4909702329057167e-05,8.01346261719689e-05,3.217004567673692
궁금한게 있는데,6,2,2.4909702329057167e-05,8.01346261719689e-05,3.217004567673692
댓글 쓰는,6,2,2.4909702329057167e-05,8.01346261719689e-05,3.217004567673692
한국 노리는,6,2,2.4909702329057167e-05,8.01346261719689e-05,3.217004567673692
노리는 이유,6,2,2.4909702329057167e-05,8.01346261719689e-05,3.217004567673692
전량 매도,6,2,2.4909702329057167e-05,8.01346261719689e-05,3.217004567673692
covid 19,6,2,2.4909702329057167e-05,8.01346261719689e-05,3.217004567673692
이유가 뭐냐,6,2,2.4909702329057167e-05,8.01346261719689e-05,3.217004567673692
속보 사우디,6,2,2.4909702329057167e-05,8.01346261719689e-05,3.217004567673692
월요일 시초에,6,2,2.4909702329057167e-05,8.01346261719689e-05,3.217004567673692
차트를 보면,6,2,2.4909702329057167e-05,8.01346261719689e-05,3.217004567673692
am juju,6,2,2.4909702329057167e-05,8.01346261719689e-05,3.217004567673692
5월 2일,6,2,2.4909702329057167e-05,8.01346261719689e-05,3.217004567673692
폭락하는 이유,6,2,2.4909702329057167e-05,8.01346261719689e-05,3.217004567673692
차트 분석,6,2,2.4909702329057167e-05,8.01346261719689e-05,3.217004567673692
문재인 사랑하고,6,2,2.4909702329057167e-05,8.01346261719689e-05,3.217004567673692
사랑하고 고맙읍니다,6,2,2.4909702329057167e-05,8.01346261719689e-05,3.217004567673692
청와대 공매금지,6,2,2.4909702329057167e-05,8.01346261719689e-05,3.217004567673692
공매금지 국민청원,6,2,2.4909702329057167e-05,8.01346261719689e-05,3.217004567673692
문제가 아니다,6,2,2.4909702329057167e-05,8.01346261719689e-05,3.217004567673692
호재 뉴스,6,2,2.4909702329057167e-05,8.01346261719689e-05,3.217004567673692
미국 유럽,6,2,2.4909702329057167e-05,8.01346261719689e-05,3.217004567673692
현재 주가,6,2,2.4909702329057167e-05,8.01346261719689e-05,3.217004567673692
수급 현황,6,2,2.4909702329057167e-05,8.01346261719689e-05,3.217004567673692
목표가 상향,6,2,2.4909702329057167e-05,8.01346261719689e-05,3.217004567673692
상한가 가자,6,2,2.4909702329057167e-05,8.01346261719689e-05,3.217004567673692
유가 윤에게,6,2,2.4909702329057167e-05,8.01346261719689e-05,3.217004567673692
다른건 모르겠고,6,2,2.4909702329057167e-05,8.01346261719689e-05,3.217004567673692
원희룡x윤석열 주식,6,2,2.4909702329057167e-05,8.01346261719689e-05,3.217004567673692
양도세 전면,6,2,2.4909702329057167e-05,8.01346261719689e-05,3.217004567673692
주가 하락,6,2,2.4909702329057167e-05,8.01346261719689e-05,3.217004567673692
산업은행 블록딜,3,1,1.2454851164528584e-05,4.006731308598445e-05,3.217004567673692
07 30,3,1,1.2454851164528584e-05,4.006731308598445e-05,3.217004567673692
진짜 진지하게,3,1,1.2454851164528584e-05,4.006731308598445e-05,3.217004567673692
이건 뭐냐,3,1,1.2454851164528584e-05,4.006731308598445e-05,3.217004567673692
그렇게 사고,3,1,1.2454851164528584e-05,4.006731308598445e-05,3.217004567673692
오지 않는다,3,1,1.2454851164528584e-05,4.006731308598445e-05,3.217004567673692
하고 싶은,3,1,1.2454851164528584e-05,4.006731308598445e-05,3.217004567673692
나스닥 필반,3,1,1.2454851164528584e-05,4.006731308598445e-05,3.217004567673692
전세계 매출,3,1,1.2454851164528584e-05,4.006731308598445e-05,3.217004567673692
나스닥 개폭락중,3,1,1.2454851164528584e-05,4.006731308598445e-05,3.217004567673692
이재명 1위,3,1,1.2454851164528584e-05,4.006731308598445e-05,3.217004567673692
너무 너무,3,1,1.2454851164528584e-05,4.006731308598445e-05,3.217004567673692
주주님들 필독,3,1,1.2454851164528584e-05,4.006731308598445e-05,3.217004567673692
내일 월욜,3,1,1.2454851164528584e-05,4.006731308598445e-05,3.217004567673692
월욜 일동,3,1,1.2454851164528584e-05,4.006731308598445e-05,3.217004567673692
일동 떡락한다에,3,1,1.2454851164528584e-05,4.006731308598445e-05,3.217004567673692
한국비엔씨가 작전주인,3,1,1.2454851164528584e-05,4.006731308598445e-05,3.217004567673692
작전주인 이유,3,1,1.2454851164528584e-05,4.006731308598445e-05,3.217004567673692
아니 그냥,3,1,1.2454851164528584e-05,4.006731308598445e-05,3.217004567673692
24살 학식입니다,3,1,1.2454851164528584e-05,4.006731308598445e-05,3.217004567673692
12 000원,3,1,1.2454851164528584e-05,4.006731308598445e-05,3.217004567673692
네이버 클라우드,3,1,1.2454851164528584e-05,4.006731308598445e-05,3.217004567673692
도저히 불안해서,3,1,1.2454851164528584e-05,4.006731308598445e-05,3.217004567673692
불안해서 잠이,3,1,1.2454851164528584e-05,4.006731308598445e-05,3.217004567673692
망상인 이유,3,1,1.2454851164528584e-05,4.006731308598445e-05,3.217004567673692
주주분들 힘내세요,3,1,1.2454851164528584e-05,4.006731308598445e-05,3.217004567673692
주주들 필독,3,1,1.2454851164528584e-05,4.006731308598445e-05,3.217004567673692
이화그룹 사태,3,1,1.2454851164528584e-05,4.006731308598445e-05,3.217004567673692
사태 뉴스를,3,1,1.2454851164528584e-05,4.006731308598445e-05,3.217004567673692
뉴스를 추려봤습니다,3,1,1.2454851164528584e-05,4.006731308598445e-05,3.217004567673692
추려봤습니다 모르시는,3,1,1.2454851164528584e-05,4.006731308598445e-05,3.217004567673692
모르시는 분들을,3,1,1.2454851164528584e-05,4.006731308598445e-05,3.217004567673692
분들을 위해서,3,1,1.2454851164528584e-05,4.006731308598445e-05,3.217004567673692
목표가 수정,3,1,1.2454851164528584e-05,4.006731308598445e-05,3.217004567673692
내일 장전,3,1,1.2454851164528584e-05,4.006731308598445e-05,3.217004567673692
대량 매도,3,1,1.2454851164528584e-05,4.006731308598445e-05,3.217004567673692
얼마나 될까요,3,1,1.2454851164528584e-05,4.006731308598445e-05,3.217004567673692
초대형 호재,3,1,1.2454851164528584e-05,4.006731308598445e-05,3.217004567673692
주식 30년차의,3,1,1.2454851164528584e-05,4.006731308598445e-05,3.217004567673692
30년차의 월요일,3,1,1.2454851164528584e-05,4.006731308598445e-05,3.217004567673692
주가 분석,3,1,1.2454851164528584e-05,4.006731308598445e-05,3.217004567673692
진양산업 폴리,3,1,1.2454851164528584e-05,4.006731308598445e-05,3.217004567673692
차트 완전,3,1,1.2454851164528584e-05,4.006731308598445e-05,3.217004567673692
한동훈 관련주,3,1,1.2454851164528584e-05,4.006731308598445e-05,3.217004567673692
20프로 확정,3,1,1.2454851164528584e-05,4.006731308598445e-05,3.217004567673692
소식 송코영신,3,1,1.2454851164528584e-05,4.006731308598445e-05,3.217004567673692
송코영신 합시다,3,1,1.2454851164528584e-05,4.006731308598445e-05,3.217004567673692
외인 프매,3,1,1.2454851164528584e-05,4.006731308598445e-05,3.217004567673692
삼성중공업 월요일,3,1,1.2454851164528584e-05,4.006731308598445e-05,3.217004567673692
박순혁 금양,3,1,1.2454851164528584e-05,4.006731308598445e-05,3.217004567673692
주린인데 셀트리온,3,1,1.2454851164528584e-05,4.006731308598445e-05,3.217004567673692
셀트리온 지금,3,1,1.2454851164528584e-05,4.006731308598445e-05,3.217004567673692
너무 비싼거같아서,3,1,1.2454851164528584e-05,4.006731308598445e-05,3.217004567673692
더불어민주당 대표,3,1,1.2454851164528584e-05,4.006731308598445e-05,3.217004567673692
knav 티웨이,3,1,1.2454851164528584e-05,4.006731308598445e-05,3.217004567673692
티웨이 주식고수,3,1,1.2454851164528584e-05,4.006731308598445e-05,3.217004567673692
주식고수 knav,3,1,1.2454851164528584e-05,4.006731308598445e-05,3.217004567673692
knav 입니다,3,1,1.2454851164528584e-05,4.006731308598445e-05,3.217004567673692
이미 포홀은,3,1,1.2454851164528584e-05,4.006731308598445e-05,3.217004567673692
포홀은 하락추세에,3,1,1.2454851164528584e-05,4.006731308598445e-05,3.217004567673692
하락추세에 들어섰다,3,1,1.2454851164528584e-05,4.006731308598445e-05,3.217004567673692
미국 이란,3,1,1.2454851164528584e-05,4.006731308598445e-05,3.217004567673692
사고 싶은,3,1,1.2454851164528584e-05,4.006731308598445e-05,3.217004567673692
이제 어떻게,3,1,1.2454851164528584e-05,4.006731308598445e-05,3.217004567673692
진심으로 조언합니다,3,1,1.2454851164528584e-05,4.006731308598445e-05,3.217004567673692
월요일 갭상승,3,1,1.2454851164528584e-05,4.006731308598445e-05,3.217004567673692
주주님들 다들,3,1,1.2454851164528584e-05,4.006731308598445e-05,3.217004567673692
야들아 하나만,3,1,1.2454851164528584e-05,4.006731308598445e-05,3.217004567673692
내일 얼마나,3,1,1.2454851164528584e-05,4.006731308598445e-05,3.217004567673692
6만원 깨지면,3,1,1.2454851164528584e-05,4.006731308598445e-05,3.217004567673692
내일 하락장,3,1,1.2454851164528584e-05,4.006731308598445e-05,3.217004567673692
에라이 새기들아,3,1,1.2454851164528584e-05,4.006731308598445e-05,3.217004567673692
10 상승,3,1,1.2454851164528584e-05,4.006731308598445e-05,3.217004567673692
내일 주식시장,3,1,1.2454851164528584e-05,4.006731308598445e-05,3.217004567673692
세금 정리,3,1,1.2454851164528584e-05,4.006731308598445e-05,3.217004567673692
트럼프 당선,3,1,1.2454851164528584e-05,4.006731308598445e-05,3.217004567673692
지분 보유,3,1,1.2454851164528584e-05,4.006731308598445e-05,3.217004567673692
중국이 물량,3,1,1.2454851164528584e-05,4.006731308598445e-05,3.217004567673692
물량 가져갔다,3,1,1.2454851164528584e-05,4.006731308598445e-05,3.217004567673692
가져갔다 진단,3,1,1.2454851164528584e-05,4.006731308598445e-05,3.217004567673692
진단 시약,3,1,1.2454851164528584e-05,4.006731308598445e-05,3.217004567673692
시약 부족,3,1,1.2454851164528584e-05,4.006731308598445e-05,3.217004567673692
우리 주주님들,3,1,1.2454851164528584e-05,4.006731308598445e-05,3.217004567673692
매수 금지,3,1,1.2454851164528584e-05,4.006731308598445e-05,3.217004567673692
램시마가 일냈군요,3,1,1.2454851164528584e-05,4.006731308598445e-05,3.217004567673692
일냈군요 연상,3,1,1.2454851164528584e-05,4.006731308598445e-05,3.217004567673692
연상 뉴스네여,3,1,1.2454851164528584e-05,4.006731308598445e-05,3.217004567673692
치사율 4프로면,3,1,1.2454851164528584e-05,4.006731308598445e-05,3.217004567673692
4프로면 항국도,3,1,1.2454851164528584e-05,4.006731308598445e-05,3.217004567673692
항국도 나올때가,3,1,1.2454851164528584e-05,4.006731308598445e-05,3.217004567673692
나올때가 는데,3,1,1.2454851164528584e-05,4.006731308598445e-05,3.217004567673692
월요일 앞자리,3,1,1.2454851164528584e-05,4.006731308598445e-05,3.217004567673692
확진자 증가,3,1,1.2454851164528584e-05,4.006731308598445e-05,3.217004567673692
좋아하는 이유,3,1,1.2454851164528584e-05,4.006731308598445e-05,3.217004567673692
필독 향후,3,1,1.2454851164528584e-05,4.006731308598445e-05,3.217004567673692
5000 시대,3,1,1.2454851164528584e-05,4.006731308598445e-05,3.217004567673692
시대 반드시,3,1,1.2454851164528584e-05,4.006731308598445e-05,3.217004567673692
반드시 지키겠습니다,3,1,1.2454851164528584e-05,4.006731308598445e-05,3.217004567673692
지키겠습니다 저평가,3,1,1.2454851164528584e-05,4.006731308598445e-05,3.217004567673692
주목할 때입니다,3,1,1.2454851164528584e-05,4.006731308598445e-05,3.217004567673692
나스닥 폭등중,3,1,1.2454851164528584e-05,4.006731308598445e-05,3.217004567673692
우리 문재인,3,1,1.2454851164528584e-05,4.006731308598445e-05,3.217004567673692
아주 좋은,3,1,1.2454851164528584e-05,4.006731308598445e-05,3.217004567673692
no less,3,1,1.2454851164528584e-05,4.006731308598445e-05,3.217004567673692
less competitive,3,1,1.2454851164528584e-05,4.006731308598445e-05,3.217004567673692
알고 있다,3,1,1.2454851164528584e-05,4.006731308598445e-05,3.217004567673692
때가 되면,3,1,1.2454851164528584e-05,4.006731308598445e-05,3.217004567673692
오르고 있다,3,1,1.2454851164528584e-05,4.006731308598445e-05,3.217004567673692
연속 적자,3,1,1.2454851164528584e-05,4.006731308598445e-05,3.217004567673692
매도한 형이다,3,1,1.2454851164528584e-05,4.006731308598445e-05,3.217004567673692
반도체 지수,3,1,1.2454851164528584e-05,4.006731308598445e-05,3.217004567673692
2차 상승,3,1,1.2454851164528584e-05,4.006731308598445e-05,3.217004567673692
상승 터지겠네,3,1,1.2454851164528584e-05,4.006731308598445e-05,3.217004567673692
내가 말했자나,3,1,1.2454851164528584e-05,4.006731308598445e-05,3.217004567673692
낼은 10000퍼,3,1,1.2454851164528584e-05,4.006731308598445e-05,3.217004567673692
10000퍼 하락,3,1,1.2454851164528584e-05,4.006731308598445e-05,3.217004567673692
항체 치료제,3,1,1.2454851164528584e-05,4.006731308598445e-05,3.217004567673692
하한가 입니다,3,1,1.2454851164528584e-05,4.006731308598445e-05,3.217004567673692
배터리 소재,3,1,1.2454851164528584e-05,4.006731308598445e-05,3.217004567673692
엄청난 호재입니다,3,1,1.2454851164528584e-05,4.006731308598445e-05,3.217004567673692
협력 논의,3,1,1.2454851164528584e-05,4.006731308598445e-05,3.217004567673692
단독 돈에,3,1,1.2454851164528584e-05,4.006731308598445e-05,3.217004567673692
돈에 손대면,3,1,1.2454851164528584e-05,4.006731308598445e-05,3.217004567673692
손대면 죽어,3,1,1.2454851164528584e-05,4.006731308598445e-05,3.217004567673692
죽어 원영식,3,1,1.2454851164528584e-05,4.006731308598445e-05,3.217004567673692
원영식 녹취,3,1,1.2454851164528584e-05,4.006731308598445e-05,3.217004567673692
녹취 경영,3,1,1.2454851164528584e-05,4.006731308598445e-05,3.217004567673692
경영 개입,3,1,1.2454851164528584e-05,4.006731308598445e-05,3.217004567673692
개입 정황,3,1,1.2454851164528584e-05,4.006731308598445e-05,3.217004567673692
개인 공매도,3,1,1.2454851164528584e-05,4.006731308598445e-05,3.217004567673692
하는거 보니,3,1,1.2454851164528584e-05,4.006731308598445e-05,3.217004567673692
국내 증시,3,1,1.2454851164528584e-05,4.006731308598445e-05,3.217004567673692
절대 속지마세요,3,1,1.2454851164528584e-05,4.006731308598445e-05,3.217004567673692
14년 기다린,3,1,1.2454851164528584e-05,4.006731308598445e-05,3.217004567673692
기다린 베트남,3,1,1.2454851164528584e-05,4.006731308598445e-05,3.217004567673692
숙원 94조,3,1,1.2454851164528584e-05,4.006731308598445e-05,3.217004567673692
94조 투자,3,1,1.2454851164528584e-05,4.006731308598445e-05,3.217004567673692
투자 승인,3,1,1.2454851164528584e-05,4.006731308598445e-05,3.217004567673692
보는 이유,3,1,1.2454851164528584e-05,4.006731308598445e-05,3.217004567673692
내일 신용,3,1,1.2454851164528584e-05,4.006731308598445e-05,3.217004567673692
목요일 하한가,3,1,1.2454851164528584e-05,4.006731308598445e-05,3.217004567673692
미국 임상,3,1,1.2454851164528584e-05,4.006731308598445e-05,3.217004567673692
무슨 상관이,3,1,1.2454851164528584e-05,4.006731308598445e-05,3.217004567673692
안티도 찬티도,3,1,1.2454851164528584e-05,4.006731308598445e-05,3.217004567673692
주말 호재,3,1,1.2454851164528584e-05,4.006731308598445e-05,3.217004567673692
한화오션의 장점,3,1,1.2454851164528584e-05,4.006731308598445e-05,3.217004567673692
신약 허가,3,1,1.2454851164528584e-05,4.006731308598445e-05,3.217004567673692
추가 매수,3,1,1.2454851164528584e-05,4.006731308598445e-05,3.217004567673692
자사주 매입후,3,1,1.2454851164528584e-05,4.006731308598445e-05,3.217004567673692
나스닥 다우,3,1,1.2454851164528584e-05,4.006731308598445e-05,3.217004567673692
다시 하락,3,1,1.2454851164528584e-05,4.006731308598445e-05,3.217004567673692
오늘 상승은,3,1,1.2454851164528584e-05,4.006731308598445e-05,3.217004567673692
딸이 오버랩,3,1,1.2454851164528584e-05,4.006731308598445e-05,3.217004567673692
이런 생각을,3,1,1.2454851164528584e-05,4.006731308598445e-05,3.217004567673692
변수 마스크,3,1,1.2454851164528584e-05,4.006731308598445e-05,3.217004567673692
마스크 늦게,3,1,1.2454851164528584e-05,4.006731308598445e-05,3.217004567673692
늦게 벗나,3,1,1.2454851164528584e-05,4.006731308598445e-05,3.217004567673692
벗나 우리,3,1,1.2454851164528584e-05,4.006731308598445e-05,3.217004567673692
우리 일정대로,3,1,1.2454851164528584e-05,4.006731308598445e-05,3.217004567673692
일정대로 가기,3,1,1.2454851164528584e-05,4.006731308598445e-05,3.217004567673692
가기 위해,3,1,1.2454851164528584e-05,4.006731308598445e-05,3.217004567673692
위해 대중,3,1,1.2454851164528584e-05,4.006731308598445e-05,3.217004567673692
대중 방역,3,1,1.2454851164528584e-05,4.006731308598445e-05,3.217004567673692
방역 강화한것,3,1,1.2454851164528584e-05,4.006731308598445e-05,3.217004567673692
기관 금투,3,1,1.2454851164528584e-05,4.006731308598445e-05,3.217004567673692
횡령 배임,3,1,1.2454851164528584e-05,4.006731308598445e-05,3.217004567673692
뭐가 그리,3,1,1.2454851164528584e-05,4.006731308598445e-05,3.217004567673692
이제 하락,3,1,1.2454851164528584e-05,4.006731308598445e-05,3.217004567673692
긴급 승인,3,1,1.2454851164528584e-05,4.006731308598445e-05,3.217004567673692
아니 도대체,3,1,1.2454851164528584e-05,4.006731308598445e-05,3.217004567673692
만드는 회사,3,1,1.2454851164528584e-05,4.006731308598445e-05,3.217004567673692
안티 니들,3,1,1.2454851164528584e-05,4.006731308598445e-05,3.217004567673692
오늘 많은,3,1,1.2454851164528584e-05,4.006731308598445e-05,3.217004567673692
안티들이 많네,3,1,1.2454851164528584e-05,4.006731308598445e-05,3.217004567673692
많이 받으시고,3,1,1.2454851164528584e-05,4.006731308598445e-05,3.217004567673692
임상 안하는,3,1,1.2454851164528584e-05,4.006731308598445e-05,3.217004567673692
느낌 좋다,3,1,1.2454851164528584e-05,4.006731308598445e-05,3.217004567673692
전기차보조금 세부지침,3,1,1.2454851164528584e-05,4.006731308598445e-05,3.217004567673692
자사주 매각,3,1,1.2454851164528584e-05,4.006731308598445e-05,3.217004567673692
네이버 검색,3,1,1.2454851164528584e-05,4.006731308598445e-05,3.217004567673692
종가 예상,3,1,1.2454851164528584e-05,4.006731308598445e-05,3.217004567673692
얘들아 나는,3,1,1.2454851164528584e-05,4.006731308598445e-05,3.217004567673692
나는 분명히,3,1,1.2454851164528584e-05,4.006731308598445e-05,3.217004567673692
지분 10,3,1,1.2454851164528584e-05,4.006731308598445e-05,3.217004567673692
공매도 세력들,3,1,1.2454851164528584e-05,4.006731308598445e-05,3.217004567673692
나스닥 바이오,3,1,1.2454851164528584e-05,4.006731308598445e-05,3.217004567673692
황금알을 낳는,3,1,1.2454851164528584e-05,4.006731308598445e-05,3.217004567673692
곡소리 나겠네,3,1,1.2454851164528584e-05,4.006731308598445e-05,3.217004567673692
반도체 부족,3,1,1.2454851164528584e-05,4.006731308598445e-05,3.217004567673692
만원 간다,3,1,1.2454851164528584e-05,4.006731308598445e-05,3.217004567673692
태영호 분석이,3,1,1.2454851164528584e-05,4.006731308598445e-05,3.217004567673692
분석이 맞다면,3,1,1.2454851164528584e-05,4.006731308598445e-05,3.217004567673692
맞다면 향후,3,1,1.2454851164528584e-05,4.006731308598445e-05,3.217004567673692
노티스 막판,3,1,1.2454851164528584e-05,4.006731308598445e-05,3.217004567673692
막판 시간외,3,1,1.2454851164528584e-05,4.006731308598445e-05,3.217004567673692
시간외 14만주,3,1,1.2454851164528584e-05,4.006731308598445e-05,3.217004567673692
14만주 넘게,3,1,1.2454851164528584e-05,4.006731308598445e-05,3.217004567673692
넘게 대량거래,3,1,1.2454851164528584e-05,4.006731308598445e-05,3.217004567673692
대량거래 대폭하락,3,1,1.2454851164528584e-05,4.006731308598445e-05,3.217004567673692
청원 쫌만,3,1,1.2454851164528584e-05,4.006731308598445e-05,3.217004567673692
쫌만 냅시다,3,1,1.2454851164528584e-05,4.006731308598445e-05,3.217004567673692
시총이 1조,3,1,1.2454851164528584e-05,4.006731308598445e-05,3.217004567673692
1건 추가,3,1,1.2454851164528584e-05,4.006731308598445e-05,3.217004567673692
뭐가 문젠데,3,1,1.2454851164528584e-05,4.006731308598445e-05,3.217004567673692
자정 마감,3,1,1.2454851164528584e-05,4.006731308598445e-05,3.217004567673692
주주님들 축하드립니다,3,1,1.2454851164528584e-05,4.006731308598445e-05,3.217004567673692
내일 15퍼,3,1,1.2454851164528584e-05,4.006731308598445e-05,3.217004567673692
폴란드 부총리,3,1,1.2454851164528584e-05,4.006731308598445e-05,3.217004567673692
부총리 원전,3,1,1.2454851164528584e-05,4.006731308598445e-05,3.217004567673692
원전 본계약,3,1,1.2454851164528584e-05,4.006731308598445e-05,3.217004567673692
100 확신,3,1,1.2454851164528584e-05,4.006731308598445e-05,3.217004567673692
여기 게시판은,3,1,1.2454851164528584e-05,4.006731308598445e-05,3.217004567673692
5년 10년,3,1,1.2454851164528584e-05,4.006731308598445e-05,3.217004567673692
새해 많이들,3,1,1.2454851164528584e-05,4.006731308598445e-05,3.217004567673692
3분기 실적이,3,1,1.2454851164528584e-05,4.006731308598445e-05,3.217004567673692
노터스 무상주,3,1,1.2454851164528584e-05,4.006731308598445e-05,3.217004567673692
개미가 너무,3,1,1.2454851164528584e-05,4.006731308598445e-05,3.217004567673692
단독 모더나,3,1,1.2454851164528584e-05,4.006731308598445e-05,3.217004567673692
백신 gc녹십자가,3,1,1.2454851164528584e-05,4.006731308598445e-05,3.217004567673692
gc녹십자가 위탁생산한다,3,1,1.2454851164528584e-05,4.006731308598445e-05,3.217004567673692
금투세 전면,3,1,1.2454851164528584e-05,4.006731308598445e-05,3.217004567673692
논란 관련,3,1,1.2454851164528584e-05,4.006731308598445e-05,3.217004567673692
삼성전자 hbm4,3,1,1.2454851164528584e-05,4.006731308598445e-05,3.217004567673692
내가 보기에,3,1,1.2454851164528584e-05,4.006731308598445e-05,3.217004567673692
하지 마라,3,1,1.2454851164528584e-05,4.006731308598445e-05,3.217004567673692
대체 언제,3,1,1.2454851164528584e-05,4.006731308598445e-05,3.217004567673692
안티가 많아서,3,1,1.2454851164528584e-05,4.006731308598445e-05,3.217004567673692
심각한 상황인지,3,1,1.2454851164528584e-05,4.006731308598445e-05,3.217004567673692
삼전 개미,3,1,1.2454851164528584e-05,4.006731308598445e-05,3.217004567673692
털릴듯 하다,3,1,1.2454851164528584e-05,4.006731308598445e-05,3.217004567673692
문죄인 업적,3,1,1.2454851164528584e-05,4.006731308598445e-05,3.217004567673692
업적 코로나,3,1,1.2454851164528584e-05,4.006731308598445e-05,3.217004567673692
코로나 수입국에서,3,1,1.2454851164528584e-05,4.006731308598445e-05,3.217004567673692
수입국에서 수출국으로,3,1,1.2454851164528584e-05,4.006731308598445e-05,3.217004567673692
유증 공시,3,1,1.2454851164528584e-05,4.006731308598445e-05,3.217004567673692
매수 단가,3,1,1.2454851164528584e-05,4.006731308598445e-05,3.217004567673692
아는 애들만,3,1,1.2454851164528584e-05,4.006731308598445e-05,3.217004567673692
lg cns,3,1,1.2454851164528584e-05,4.006731308598445e-05,3.217004567673692
찬티가 많으면,3,1,1.2454851164528584e-05,4.006731308598445e-05,3.217004567673692
뉴스 떳네요,3,1,1.2454851164528584e-05,4.006731308598445e-05,3.217004567673692
대주주 지분이,3,1,1.2454851164528584e-05,4.006731308598445e-05,3.217004567673692
대규모 매도,3,1,1.2454851164528584e-05,4.006731308598445e-05,3.217004567673692
언제 오나요,3,1,1.2454851164528584e-05,4.006731308598445e-05,3.217004567673692
공격 투자,3,1,1.2454851164528584e-05,4.006731308598445e-05,3.217004567673692
월욜 시초,3,1,1.2454851164528584e-05,4.006731308598445e-05,3.217004567673692
응급실 뺑뺑이,3,1,1.2454851164528584e-05,4.006731308598445e-05,3.217004567673692
우려 확산,3,1,1.2454851164528584e-05,4.006731308598445e-05,3.217004567673692
만들어 놓고,3,1,1.2454851164528584e-05,4.006731308598445e-05,3.217004567673692
독일 가스,3,1,1.2454851164528584e-05,4.006731308598445e-05,3.217004567673692
길리어드 주가,3,1,1.2454851164528584e-05,4.006731308598445e-05,3.217004567673692
케이비23호 미국유사기업,3,1,1.2454851164528584e-05,4.006731308598445e-05,3.217004567673692
미국유사기업 시총,3,1,1.2454851164528584e-05,4.006731308598445e-05,3.217004567673692
시총 6조원,3,1,1.2454851164528584e-05,4.006731308598445e-05,3.217004567673692
유증 청약,3,1,1.2454851164528584e-05,4.006731308598445e-05,3.217004567673692
시외 하한가,3,1,1.2454851164528584e-05,4.006731308598445e-05,3.217004567673692
외인들 오늘,3,1,1.2454851164528584e-05,4.006731308598445e-05,3.217004567673692
이제 조만간,3,1,1.2454851164528584e-05,4.006731308598445e-05,3.217004567673692
올해 영업이익,3,1,1.2454851164528584e-05,4.006731308598445e-05,3.217004567673692
배터리 관련주,3,1,1.2454851164528584e-05,4.006731308598445e-05,3.217004567673692
갭하락 입니다,3,1,1.2454851164528584e-05,4.006731308598445e-05,3.217004567673692
미국장 정도,3,1,1.2454851164528584e-05,4.006731308598445e-05,3.217004567673692
정도 하락한다,3,1,1.2454851164528584e-05,4.006731308598445e-05,3.217004567673692
있는 주식,3,1,1.2454851164528584e-05,4.006731308598445e-05,3.217004567673692
시작 하는,3,1,1.2454851164528584e-05,4.006731308598445e-05,3.217004567673692
공매도 1차,3,1,1.2454851164528584e-05,4.006731308598445e-05,3.217004567673692
뿐만 아니라,3,1,1.2454851164528584e-05,4.006731308598445e-05,3.217004567673692
중국gem 합작사,3,1,1.2454851164528584e-05,4.006731308598445e-05,3.217004567673692
합작사 에코멀티가,3,1,1.2454851164528584e-05,4.006731308598445e-05,3.217004567673692
에코멀티가 악재,3,1,1.2454851164528584e-05,4.006731308598445e-05,3.217004567673692
에디슨 ev,3,1,1.2454851164528584e-05,4.006731308598445e-05,3.217004567673692
길리어드의 api,3,1,1.2454851164528584e-05,4.006731308598445e-05,3.217004567673692
시총 8조,3,1,1.2454851164528584e-05,4.006731308598445e-05,3.217004567673692
배터리 부품,3,1,1.2454851164528584e-05,4.006731308598445e-05,3.217004567673692
도대체 무슨,3,1,1.2454851164528584e-05,4.006731308598445e-05,3.217004567673692
안티들 갑자기,3,1,1.2454851164528584e-05,4.006731308598445e-05,3.217004567673692
미국 트럼프,3,1,1.2454851164528584e-05,4.006731308598445e-05,3.217004567673692
그리고 내일,3,1,1.2454851164528584e-05,4.006731308598445e-05,3.217004567673692
필요가 있나,3,1,1.2454851164528584e-05,4.006731308598445e-05,3.217004567673692
달리는 말에,3,1,1.2454851164528584e-05,4.006731308598445e-05,3.217004567673692
월욜 상한가,3,1,1.2454851164528584e-05,4.006731308598445e-05,3.217004567673692
답글 회사에,3,1,1.2454851164528584e-05,4.006731308598445e-05,3.217004567673692
크게 갈것,3,1,1.2454851164528584e-05,4.006731308598445e-05,3.217004567673692
화재 사례,3,1,1.2454851164528584e-05,4.006731308598445e-05,3.217004567673692
높은 이유,3,1,1.2454851164528584e-05,4.006731308598445e-05,3.217004567673692
이재명의 욕심,3,1,1.2454851164528584e-05,4.006731308598445e-05,3.217004567673692
코로나 재유행,3,1,1.2454851164528584e-05,4.006731308598445e-05,3.217004567673692
마무리 하며,3,1,1.2454851164528584e-05,4.006731308598445e-05,3.217004567673692
주린이 여러분,3,1,1.2454851164528584e-05,4.006731308598445e-05,3.217004567673692
힌트 준다,3,1,1.2454851164528584e-05,4.006731308598445e-05,3.217004567673692
문재인 좌빨5년,3,1,1.2454851164528584e-05,4.006731308598445e-05,3.217004567673692
물려 있는,3,1,1.2454851164528584e-05,4.006731308598445e-05,3.217004567673692
있는 개미들,3,1,1.2454851164528584e-05,4.006731308598445e-05,3.217004567673692
lg 휴먼로이드,3,1,1.2454851164528584e-05,4.006731308598445e-05,3.217004567673692
휴먼로이드 로봇,3,1,1.2454851164528584e-05,4.006731308598445e-05,3.217004567673692
로봇 개발,3,1,1.2454851164528584e-05,4.006731308598445e-05,3.217004567673692
개발 11월,3,1,1.2454851164528584e-05,4.006731308598445e-05,3.217004567673692
11월 공개,3,1,1.2454851164528584e-05,4.006731308598445e-05,3.217004567673692
최고 실적,3,1,1.2454851164528584e-05,4.006731308598445e-05,3.217004567673692
미장 전력주,3,1,1.2454851164528584e-05,4.006731308598445e-05,3.217004567673692
폭락 시작,3,1,1.2454851164528584e-05,4.006731308598445e-05,3.217004567673692
급등 예상,3,1,1.2454851164528584e-05,4.006731308598445e-05,3.217004567673692
이미 인도네시아에,3,1,1.2454851164528584e-05,4.006731308598445e-05,3.217004567673692
인도네시아에 수출하고,3,1,1.2454851164528584e-05,4.006731308598445e-05,3.217004567673692
수출하고 있다는,3,1,1.2454851164528584e-05,4.006731308598445e-05,3.217004567673692
있다는 내용입니다,3,1,1.2454851164528584e-05,4.006731308598445e-05,3.217004567673692
테슬라급 성능인데,3,1,1.2454851164528584e-05,4.006731308598445e-05,3.217004567673692
성능인데 1300만원,3,1,1.2454851164528584e-05,4.006731308598445e-05,3.217004567673692
좋은 일들만,3,1,1.2454851164528584e-05,4.006731308598445e-05,3.217004567673692
졸라 웃기네,3,1,1.2454851164528584e-05,4.006731308598445e-05,3.217004567673692
어느 조선족의,3,1,1.2454851164528584e-05,4.006731308598445e-05,3.217004567673692
조선족의 고백,3,1,1.2454851164528584e-05,4.006731308598445e-05,3.217004567673692
검사 감사원,3,1,1.2454851164528584e-05,4.006731308598445e-05,3.217004567673692
감사원 까지,3,1,1.2454851164528584e-05,4.006731308598445e-05,3.217004567673692
무죄 선고한,3,1,1.2454851164528584e-05,4.006731308598445e-05,3.217004567673692
선고한 김동현,3,1,1.2454851164528584e-05,4.006731308598445e-05,3.217004567673692
김동현 판사는,3,1,1.2454851164528584e-05,4.006731308598445e-05,3.217004567673692
판사는 전남,3,1,1.2454851164528584e-05,4.006731308598445e-05,3.217004567673692
전남 장성,3,1,1.2454851164528584e-05,4.006731308598445e-05,3.217004567673692
장성 출신,3,1,1.2454851164528584e-05,4.006731308598445e-05,3.217004567673692
출신 전교조,3,1,1.2454851164528584e-05,4.006731308598445e-05,3.217004567673692
전교조 북한사상교육,3,1,1.2454851164528584e-05,4.006731308598445e-05,3.217004567673692
com watch,3,1,1.2454851164528584e-05,4.006731308598445e-05,3.217004567673692
마스크 의료용품,3,1,1.2454851164528584e-05,4.006731308598445e-05,3.217004567673692
의료용품 수출규제완화,3,1,1.2454851164528584e-05,4.006731308598445e-05,3.217004567673692
수출규제완화 국민청원,3,1,1.2454851164528584e-05,4.006731308598445e-05,3.217004567673692
얼마에 물렸냐,3,1,1.2454851164528584e-05,4.006731308598445e-05,3.217004567673692
기사 떴네요,3,1,1.2454851164528584e-05,4.006731308598445e-05,3.217004567673692
안하는 이유,3,1,1.2454851164528584e-05,4.006731308598445e-05,3.217004567673692
여기 왜케,3,1,1.2454851164528584e-05,4.006731308598445e-05,3.217004567673692
수주 계약,3,1,1.2454851164528584e-05,4.006731308598445e-05,3.217004567673692
20 먹고,3,1,1.2454851164528584e-05,4.006731308598445e-05,3.217004567673692
미래 성장,3,1,1.2454851164528584e-05,4.006731308598445e-05,3.217004567673692
대표이사 변경,3,1,1.2454851164528584e-05,4.006731308598445e-05,3.217004567673692
밀리는 것이,3,1,1.2454851164528584e-05,4.006731308598445e-05,3.217004567673692
것이 문제가,3,1,1.2454851164528584e-05,4.006731308598445e-05,3.217004567673692
미장 나락,3,1,1.2454851164528584e-05,4.006731308598445e-05,3.217004567673692
cibr investor,3,1,1.2454851164528584e-05,4.006731308598445e-05,3.217004567673692
올해 최고의,3,1,1.2454851164528584e-05,4.006731308598445e-05,3.217004567673692
혈액암 치료,3,1,1.2454851164528584e-05,4.006731308598445e-05,3.217004567673692
치료 성공,3,1,1.2454851164528584e-05,4.006731308598445e-05,3.217004567673692
내일은 양봉,3,1,1.2454851164528584e-05,4.006731308598445e-05,3.217004567673692
남아공 임상2상,3,1,1.2454851164528584e-05,4.006731308598445e-05,3.217004567673692
내년 2월,3,1,1.2454851164528584e-05,4.006731308598445e-05,3.217004567673692
3상 결과,3,1,1.2454851164528584e-05,4.006731308598445e-05,3.217004567673692
시황 분석,3,1,1.2454851164528584e-05,4.006731308598445e-05,3.217004567673692
상승 10,3,1,1.2454851164528584e-05,4.006731308598445e-05,3.217004567673692
고수님들 문의드립니다,3,1,1.2454851164528584e-05,4.006731308598445e-05,3.217004567673692
상승 전망,3,1,1.2454851164528584e-05,4.006731308598445e-05,3.217004567673692
미국 공장,3,1,1.2454851164528584e-05,4.006731308598445e-05,3.217004567673692
시총 27조,3,1,1.2454851164528584e-05,4.006731308598445e-05,3.217004567673692
동학 개미가,3,1,1.2454851164528584e-05,4.006731308598445e-05,3.217004567673692
종토방 분위기,3,1,1.2454851164528584e-05,4.006731308598445e-05,3.217004567673692
mbc sbs,3,1,1.2454851164528584e-05,4.006731308598445e-05,3.217004567673692
이거 월욜,3,1,1.2454851164528584e-05,4.006731308598445e-05,3.217004567673692
뉴스 떳다,3,1,1.2454851164528584e-05,4.006731308598445e-05,3.217004567673692
개미만 바글,3,1,1.2454851164528584e-05,4.006731308598445e-05,3.217004567673692
ev는 top3,3,1,1.2454851164528584e-05,4.006731308598445e-05,3.217004567673692
top3 동시사업,3,1,1.2454851164528584e-05,4.006731308598445e-05,3.217004567673692
동시사업 반도체,3,1,1.2454851164528584e-05,4.006731308598445e-05,3.217004567673692
반도체 90년대후,3,1,1.2454851164528584e-05,4.006731308598445e-05,3.217004567673692
90년대후 전무후무,3,1,1.2454851164528584e-05,4.006731308598445e-05,3.217004567673692
전무후무 명기,3,1,1.2454851164528584e-05,4.006731308598445e-05,3.217004567673692
될거 같습니다,3,1,1.2454851164528584e-05,4.006731308598445e-05,3.217004567673692
일희일비 하지말고,3,1,1.2454851164528584e-05,4.006731308598445e-05,3.217004567673692
손절하고 나왔는데,3,1,1.2454851164528584e-05,4.006731308598445e-05,3.217004567673692
위믹스3 메인넷,3,1,1.2454851164528584e-05,4.006731308598445e-05,3.217004567673692
메인넷 10월,3,1,1.2454851164528584e-05,4.006731308598445e-05,3.217004567673692
10월 20일,3,1,1.2454851164528584e-05,4.006731308598445e-05,3.217004567673692
20일 론칭,3,1,1.2454851164528584e-05,4.006731308598445e-05,3.217004567673692
다들 평단이,3,1,1.2454851164528584e-05,4.006731308598445e-05,3.217004567673692
지금 보아야,3,1,1.2454851164528584e-05,4.006731308598445e-05,3.217004567673692
내일 상한가는,3,1,1.2454851164528584e-05,4.006731308598445e-05,3.217004567673692
힘든 1월을,3,1,1.2454851164528584e-05,4.006731308598445e-05,3.217004567673692
1월을 보내겠지만,3,1,1.2454851164528584e-05,4.006731308598445e-05,3.217004567673692
보내겠지만 이후,3,1,1.2454851164528584e-05,4.006731308598445e-05,3.217004567673692
이후 확산세가,3,1,1.2454851164528584e-05,4.006731308598445e-05,3.217004567673692
확산세가 빠르게,3,1,1.2454851164528584e-05,4.006731308598445e-05,3.217004567673692
빠르게 감소할,3,1,1.2454851164528584e-05,4.006731308598445e-05,3.217004567673692
감소할 이라고,3,1,1.2454851164528584e-05,4.006731308598445e-05,3.217004567673692
이라고 전망했다,3,1,1.2454851164528584e-05,4.006731308598445e-05,3.217004567673692
갈놈은 간다,3,1,1.2454851164528584e-05,4.006731308598445e-05,3.217004567673692
필요가 없다,3,1,1.2454851164528584e-05,4.006731308598445e-05,3.217004567673692
예측 하한가,3,1,1.2454851164528584e-05,4.006731308598445e-05,3.217004567673692
하한가 가능성,3,1,1.2454851164528584e-05,4.006731308598445e-05,3.217004567673692
가능성 89,3,1,1.2454851164528584e-05,4.006731308598445e-05,3.217004567673692
공매도 엄정,3,1,1.2454851164528584e-05,4.006731308598445e-05,3.217004567673692
엄정 조치,3,1,1.2454851164528584e-05,4.006731308598445e-05,3.217004567673692
차트만 보면,3,1,1.2454851164528584e-05,4.006731308598445e-05,3.217004567673692
다음주 전망,3,1,1.2454851164528584e-05,4.006731308598445e-05,3.217004567673692
분기 매출,3,1,1.2454851164528584e-05,4.006731308598445e-05,3.217004567673692
원희룡 국토부,3,1,1.2454851164528584e-05,4.006731308598445e-05,3.217004567673692
국토부 장관은,3,1,1.2454851164528584e-05,4.006731308598445e-05,3.217004567673692
장관은 중국배터리,3,1,1.2454851164528584e-05,4.006731308598445e-05,3.217004567673692
중국배터리 보조금과,3,1,1.2454851164528584e-05,4.006731308598445e-05,3.217004567673692
보조금과 급발진,3,1,1.2454851164528584e-05,4.006731308598445e-05,3.217004567673692
급발진 국민입증에,3,1,1.2454851164528584e-05,4.006731308598445e-05,3.217004567673692
국민입증에 대해,3,1,1.2454851164528584e-05,4.006731308598445e-05,3.217004567673692
대해 대책을,3,1,1.2454851164528584e-05,4.006731308598445e-05,3.217004567673692
대책을 강구하라,3,1,1.2454851164528584e-05,4.006731308598445e-05,3.217004567673692
실적발표 컨퍼런스콜,3,1,1.2454851164528584e-05,4.006731308598445e-05,3.217004567673692
아무래도 조땐거,3,1,1.2454851164528584e-05,4.006731308598445e-05,3.217004567673692
조땐거 같다,3,1,1.2454851164528584e-05,4.006731308598445e-05,3.217004567673692
인수 완료,3,1,1.2454851164528584e-05,4.006731308598445e-05,3.217004567673692
주식 20년,3,1,1.2454851164528584e-05,4.006731308598445e-05,3.217004567673692
밖에 없습니다,3,1,1.2454851164528584e-05,4.006731308598445e-05,3.217004567673692
이유가 있다,3,1,1.2454851164528584e-05,4.006731308598445e-05,3.217004567673692
금요일 종가,3,1,1.2454851164528584e-05,4.006731308598445e-05,3.217004567673692
이유가 먼가요,3,1,1.2454851164528584e-05,4.006731308598445e-05,3.217004567673692
보면 알겠지만,3,1,1.2454851164528584e-05,4.006731308598445e-05,3.217004567673692
당신이 모르는,3,1,1.2454851164528584e-05,4.006731308598445e-05,3.217004567673692
모르는 비밀,3,1,1.2454851164528584e-05,4.006731308598445e-05,3.217004567673692
사는 이유,3,1,1.2454851164528584e-05,4.006731308598445e-05,3.217004567673692
